title,first,last,email
Mr,Fatih,Çağıran,fatih.cagiran@example.com
Mr,Dhiradj,Venhorst,dhiradj.venhorst@example.com
Mrs,Romane,Pierre,romane.pierre@example.com
Miss,آوین,کریمی,awyn.khrymy@example.com
Mr,Rasmus,Hansen,rasmus.hansen@example.com
Mr,Esat,Akar,esat.akar@example.com
Mrs,Violet,Morrison,violet.morrison@example.com
Miss,Esma,Sinanoğlu,esma.sinanoglu@example.com
Miss,Sanni,Kyllonen,sanni.kyllonen@example.com
Mr,Carter,Côté,carter.cote@example.com
Mr,Villads,Nielsen,villads.nielsen@example.com
Mr,Dylan,Fortin,dylan.fortin@example.com
Mr,Benjamin,Thompson,benjamin.thompson@example.com
Mrs,Nazik,Verstraten,nazik.verstraten@example.com
Mr,Yme,Van den Maagdenberg,yme.vandenmaagdenberg@example.com
Mrs,Sandra,Gallego,sandra.gallego@example.com
Mr,Benjamin,Bergeron,benjamin.bergeron@example.com
Miss,Wiktoria,Vollan,wiktoria.vollan@example.com
Mrs,Rachel,Førsund,rachel.forsund@example.com
Mr,Julian,Soler,julian.soler@example.com
Miss,Ines,Caballero,ines.caballero@example.com
Ms,Ella,Saksa,ella.saksa@example.com
Mr,Ole,Lidal,ole.lidal@example.com
Mr,Zachary,Kowalski,zachary.kowalski@example.com
Mr,Stanislaw,Mohammadi,stanislaw.mohammadi@example.com
Mr,Phillip,Castro,phillip.castro@example.com
Miss,Freya,Jackson,freya.jackson@example.com
Ms,Nuran,Weterings,nuran.weterings@example.com
Mrs,Ida,Soto,ida.soto@example.com
Mr,Emrik,Rønne,emrik.ronne@example.com
Mrs,Victoria,Bergeron,victoria.bergeron@example.com
Ms,Ricarda,Meyer,ricarda.meyer@example.com
Mr,Zacarias,Castro,zacarias.castro@example.com
Mr,Jerry,Castro,jerry.castro@example.com
Mrs,Olivia,Seppala,olivia.seppala@example.com
Miss,Minttu,Heikkinen,minttu.heikkinen@example.com
Ms,Sofie,Petersen,sofie.petersen@example.com
Mr,Jordan,Cooper,jordan.cooper@example.com
Miss,Miriam,Armstrong,miriam.armstrong@example.com
Miss,Andrea,Petersen,andrea.petersen@example.com
Miss,Virgínia,Silveira,virginia.silveira@example.com
Mr,Perry,Wagner,perry.wagner@example.com
Miss,Bernardete,Gomes,bernardete.gomes@example.com
Ms,Astrid,Christiansen,astrid.christiansen@example.com
Mr,Philippe,Wilson,philippe.wilson@example.com
Mr,Flynn,Turner,flynn.turner@example.com
Mr,Charles,Walker,charles.walker@example.com
Mr,Sigmund,Finnerud,sigmund.finnerud@example.com
Miss,Agathe,Westphal,agathe.westphal@example.com
Mrs,Isabella,Zhang,isabella.zhang@example.com
Mr,Oscar,Nielsen,oscar.nielsen@example.com
Mr,سام,سهيلي راد,sm.shylyrd@example.com
Miss,Meire,Rodrigues,meire.rodrigues@example.com
Mr,Joshua,Curtis,joshua.curtis@example.com
Mademoiselle,Henriette,Boyer,henriette.boyer@example.com
Mr,Jerome,Bailey,jerome.bailey@example.com
Ms,Consuelo,Gallardo,consuelo.gallardo@example.com
Madame,Gloria,Morin,gloria.morin@example.com
Mrs,Hilla,Leinonen,hilla.leinonen@example.com
Monsieur,Rodrigo,Gaillard,rodrigo.gaillard@example.com
Ms,Marie,Dietrich,marie.dietrich@example.com
Mr,Aiden,Wang,aiden.wang@example.com
Mr,Cooper,Robinson,cooper.robinson@example.com
Mr,Bob,Brown,bob.brown@example.com
Mrs,Fortunata,Pereira,fortunata.pereira@example.com
Mrs,Camille,Anderson,camille.anderson@example.com
Mrs,Sandy,Brauer,sandy.brauer@example.com
Miss,Telse,Haarmann,telse.haarmann@example.com
Ms,Marzena,Manthey,marzena.manthey@example.com
Miss,Talisa,Sönmez,talisa.sonmez@example.com
Mr,Théo,Laurent,theo.laurent@example.com
Miss,Lucy,Perkins,lucy.perkins@example.com
Mr,Rafael,Flores,rafael.flores@example.com
Mr,Egbert,Haake,egbert.haake@example.com
Mrs,مریم,جعفری,mrym.jaafry@example.com
Ms,Noelia,Roman,noelia.roman@example.com
Mr,Beau,White,beau.white@example.com
Mrs,Lily,Roche,lily.roche@example.com
Ms,Maya,Mackay,maya.mackay@example.com
Mr,Mahé,Schmitt,mahe.schmitt@example.com
Mrs,Cirleni,Mendes,cirleni.mendes@example.com
Miss,Nicole,Lindqvist,nicole.lindqvist@example.com
Miss,Sara,Møller,sara.moller@example.com
Mr,Javier,Pascual,javier.pascual@example.com
Ms,Kristin,Jensen,kristin.jensen@example.com
Mr,Victor,Kristensen,victor.kristensen@example.com
Mr,Sesinando,Cavalcanti,sesinando.cavalcanti@example.com
Mr,Felipe,Castro,felipe.castro@example.com
Mr,Ralph,James,ralph.james@example.com
Mr,Volkan,Sezek,volkan.sezek@example.com
Miss,Emily,Bjørstad,emily.bjorstad@example.com
Mrs,Molly,Neal,molly.neal@example.com
Madame,Mariana,Renaud,mariana.renaud@example.com
Mr,Mehmet,Ağaoğlu,mehmet.agaoglu@example.com
Mr,Benjamin,Bates,benjamin.bates@example.com
Ms,Linnea,Kokko,linnea.kokko@example.com
Mr,Bruce,Torres,bruce.torres@example.com
Mr,Julius,Makela,julius.makela@example.com
Mrs,Charlene,Alves,charlene.alves@example.com
Mrs,Sara,Luoma,sara.luoma@example.com
Mr,Jeppe,De Vlugt,jeppe.devlugt@example.com
Mr,Elmer,Tucker,elmer.tucker@example.com
Mr,Mathis,Fonn,mathis.fonn@example.com
Mrs,Sina,Pilskog,sina.pilskog@example.com
Mr,Charly,Guerin,charly.guerin@example.com
Mr,Toivo,Kivela,toivo.kivela@example.com
Mr,ماهان,قاسمی,mhn.qsmy@example.com
Monsieur,Pierre-André,Philippe,pierre-andre.philippe@example.com
Mrs,Rosario,Garcia,rosario.garcia@example.com
Ms,Maya,Michel,maya.michel@example.com
Mr,Aatu,Lepisto,aatu.lepisto@example.com
Mr,Niyazi,Hess,niyazi.hess@example.com
Mr,Olivier,Linge,olivier.linge@example.com
Mr,Vernon,May,vernon.may@example.com
Mr,Ricardo,Martin,ricardo.martin@example.com
Mrs,Oya,Kuday,oya.kuday@example.com
Ms,Phoebe,Chen,phoebe.chen@example.com
Miss,Emma,Christiansen,emma.christiansen@example.com
Mr,Don,Wood,don.wood@example.com
Mrs,Leanne,Chow,leanne.chow@example.com
Miss,Alex,Allen,alex.allen@example.com
Mr,James,Park,james.park@example.com
Mr,Vítor,Silveira,vitor.silveira@example.com
Mr,Gerardo,Nieto,gerardo.nieto@example.com
Mrs,Allie,Craig,allie.craig@example.com
Ms,Ludmilla,Seeliger,ludmilla.seeliger@example.com
Mr,Ryder,Williams,ryder.williams@example.com
Ms,Nicoline,Pedersen,nicoline.pedersen@example.com
Mr,Emre,Velioğlu,emre.velioglu@example.com
Ms,Gül,Limoncuoğlu,gul.limoncuoglu@example.com
Monsieur,Matteo,Garnier,matteo.garnier@example.com
Mr,Ahmet,Gönültaş,ahmet.gonultas@example.com
Mr,Walter,Cole,walter.cole@example.com
Miss,Ege,Özgörkey,ege.ozgorkey@example.com
Mrs,Bia,Ramos,bia.ramos@example.com
Miss,Gloria,Germann,gloria.germann@example.com
Mr,Berkan,Schoonhoven,berkan.schoonhoven@example.com
Ms,Kelly,Murphy,kelly.murphy@example.com
Miss,Nina,Li,nina.li@example.com
Mr,Jacob,Olsen,jacob.olsen@example.com
Ms,Courtney,Barrett,courtney.barrett@example.com
Mr,Nooa,Waisanen,nooa.waisanen@example.com
Mr,Logan,Wong,logan.wong@example.com
Madame,Josiane,Muller,josiane.muller@example.com
Mr,Tom,King,tom.king@example.com
Ms,Claudine,Gonçalves,claudine.goncalves@example.com
Ms,هلیا,مرادی,hly.mrdy@example.com
Mrs,Fatma,Düşenkalkar,fatma.dusenkalkar@example.com
Mrs,Alicia,Garrett,alicia.garrett@example.com
Mr,Enzo,Garnier,enzo.garnier@example.com
Miss,Tara,Hasse,tara.hasse@example.com
Mr,Barış,Aclan,baris.aclan@example.com
Ms,Mattie,Smith,mattie.smith@example.com
Mr,Warren,Perry,warren.perry@example.com
Ms,Allison,Vargas,allison.vargas@example.com
Ms,Lauren,Sullivan,lauren.sullivan@example.com
Miss,Nalan,Akşit,nalan.aksit@example.com
Ms,Kathrine,Antonsen,kathrine.antonsen@example.com
Mr,Chad,White,chad.white@example.com
Mr,Erik,Ward,erik.ward@example.com
Miss,Milka,Goldbach,milka.goldbach@example.com
Ms,Harper,Bélanger,harper.belanger@example.com
Miss,Lillie,Williams,lillie.williams@example.com
Mr,Emil,Alexander,emil.alexander@example.com
Mr,Karl-Hans,Diederichs,karl-hans.diederichs@example.com
Miss,Tonya,Freeman,tonya.freeman@example.com
Mrs,Sara,Salminen,sara.salminen@example.com
Miss,Amanda,Payne,amanda.payne@example.com
Madame,Soraya,Roux,soraya.roux@example.com
Miss,Océane,Guillot,oceane.guillot@example.com
Mr,Carsta,da Rosa,carsta.darosa@example.com
Mrs,Leonor,Gomes,leonor.gomes@example.com
Mr,Kenan,Evliyaoğlu,kenan.evliyaoglu@example.com
Miss,Solveig,Arendt,solveig.arendt@example.com
Mrs,Laurie,Newman,laurie.newman@example.com
Mr,Ariel,Pinto,ariel.pinto@example.com
Miss,Megan,Hall,megan.hall@example.com
Mademoiselle,Mona,Bertrand,mona.bertrand@example.com
Mr,Eemil,Ruona,eemil.ruona@example.com
Mr,German,Mora,german.mora@example.com
Mr,Jeremy,Morris,jeremy.morris@example.com
Mr,Franjo,Reimer,franjo.reimer@example.com
Mr,Rasmus,Larsen,rasmus.larsen@example.com
Mr,Bobby,Pierce,bobby.pierce@example.com
Mr,Adam,Christiansen,adam.christiansen@example.com
Mr,Tommy,Vargas,tommy.vargas@example.com
Mrs,Cícera,Barbosa,cicera.barbosa@example.com
Mrs,Adina,Remen,adina.remen@example.com
Ms,Hayley,Harris,hayley.harris@example.com
Mrs,سارینا,نكو نظر,sryn.nkwnzr@example.com
Mr,Manel,Santos,manel.santos@example.com
Mrs,Hedwig,Matheis,hedwig.matheis@example.com
Ms,Jen,Mccoy,jen.mccoy@example.com
Mrs,Sheryl,Walters,sheryl.walters@example.com
Mrs,Lillie,Brown,lillie.brown@example.com
Mr,Sebastian,Jensen,sebastian.jensen@example.com
Ms,Nikoline,Nyhus,nikoline.nyhus@example.com
Mrs,Silje,Nielsen,silje.nielsen@example.com
Mr,Umut,Tunaboylu,umut.tunaboylu@example.com
Mrs,Franka,Lucas,franka.lucas@example.com
Mr,Ridwan,Halland,ridwan.halland@example.com
Miss,Leanne,Lo,leanne.lo@example.com
Mrs,Samantha,Baker,samantha.baker@example.com
Mr,Xavier,Ennis,xavier.ennis@example.com
Mrs,Axelle,Gauthier,axelle.gauthier@example.com
Mr,Antoine,Lavigne,antoine.lavigne@example.com
Mr,Soham,Hart,soham.hart@example.com
Miss,Yara,Van der Walle,yara.vanderwalle@example.com
Mr,Raul,Jennings,raul.jennings@example.com
Ms,Anastácia,Silveira,anastacia.silveira@example.com
Miss,Maia,Hall,maia.hall@example.com
Ms,Raquel,Mora,raquel.mora@example.com
Mr,Maurice,Ellis,maurice.ellis@example.com
Mr,Brad,Diaz,brad.diaz@example.com
Mr,پارسا,احمدی,prs.hmdy@example.com
Mr,Önal,Türkyılmaz,onal.turkyilmaz@example.com
Ms,Lourdes,Herrero,lourdes.herrero@example.com
Ms,Belinda,Tip,belinda.tip@example.com
Miss,Esther,Vazquez,esther.vazquez@example.com
Ms,Ewa,Blome,ewa.blome@example.com
Mr,Tristan,Miller,tristan.miller@example.com
Mr,Julian,Henry,julian.henry@example.com
Ms,Maria,Jackson,maria.jackson@example.com
Ms,Julianne,Friberg,julianne.friberg@example.com
Miss,Anne,Weaver,anne.weaver@example.com
Miss,Zoe,Webb,zoe.webb@example.com
Mr,Oceano,Aragão,oceano.aragao@example.com
Ms,Anna,Soto,anna.soto@example.com
Ms,Deniz,Erbulak,deniz.erbulak@example.com
Miss,Florence,Gagnon,florence.gagnon@example.com
Miss,Sofie,Andersen,sofie.andersen@example.com
Mr,Dan,Sieber,dan.sieber@example.com
Ms,النا,نجاتی,ln.njty@example.com
Mrs,Kim,Stephens,kim.stephens@example.com
Mrs,Belina,Rocha,belina.rocha@example.com
Miss,Emily,Sørensen,emily.sorensen@example.com
Mr,Guillaume,Rodriguez,guillaume.rodriguez@example.com
Miss,ملینا,صدر,mlyn.sdr@example.com
Mr,Wyatt,Ramirez,wyatt.ramirez@example.com
Ms,Hillechiena,Borsboom,hillechiena.borsboom@example.com
Mademoiselle,Corinna,Garnier,corinna.garnier@example.com
Mr,Lance,Pierce,lance.pierce@example.com
Mr,Eeli,Mattila,eeli.mattila@example.com
Mrs,Deniz,Karaduman,deniz.karaduman@example.com
Mr,Imane,Daalmeijer,imane.daalmeijer@example.com
Miss,Fanny,Guillaume,fanny.guillaume@example.com
Miss,Sara,Hautala,sara.hautala@example.com
Miss,Debra,Burton,debra.burton@example.com
Mr,Arturo,Lorenzo,arturo.lorenzo@example.com
Ms,Ülkü,Hakyemez,ulku.hakyemez@example.com
Mr,Ege,Keseroğlu,ege.keseroglu@example.com
Mr,Oliver,Leinonen,oliver.leinonen@example.com
Mr,Wyatt,Bates,wyatt.bates@example.com
Mr,Felix,Kristensen,felix.kristensen@example.com
Mr,Andres,Suarez,andres.suarez@example.com
Mrs,الینا,محمدخان,lyn.mhmdkhn@example.com
Mr,Jonathan,Notten,jonathan.notten@example.com
Mr,Asher,Robinson,asher.robinson@example.com
Ms,Alyssia,Lopez,alyssia.lopez@example.com
Mr,Greg,Morgan,greg.morgan@example.com
Mr,Sturla,Slette,sturla.slette@example.com
Mr,Victor,Barnaby,victor.barnaby@example.com
Monsieur,Ralph,Chevalier,ralph.chevalier@example.com
Mrs,آیناز,صدر,aynz.sdr@example.com
Mrs,Andrea,Jørgensen,andrea.jorgensen@example.com
Mrs,Louise,Richards,louise.richards@example.com
Mr,Thibault,Simon,thibault.simon@example.com
Mrs,Hazel,Garza,hazel.garza@example.com
Ms,Ellen,Lambert,ellen.lambert@example.com
Mr,Denis,Langhelle,denis.langhelle@example.com
Miss,Charlotte,Cook,charlotte.cook@example.com
Ms,Isabella,Møller,isabella.moller@example.com
Mrs,Kate,Rodriguez,kate.rodriguez@example.com
Mademoiselle,Lara,Lopez,lara.lopez@example.com
Miss,Andrea,Cortes,andrea.cortes@example.com
Mrs,Josefa,Bravo,josefa.bravo@example.com
Ms,Tamar,Schillemans,tamar.schillemans@example.com
Mrs,Ambre,Clement,ambre.clement@example.com
Miss,Imogen,Roberts,imogen.roberts@example.com
Mr,Abdulahi,Nieuwenhuijs,abdulahi.nieuwenhuijs@example.com
Mr,Felix,Clark,felix.clark@example.com
Ms,Ava,Anderson,ava.anderson@example.com
Mr,طاها,کوتی,th.khwty@example.com
Ms,Grace,Montgomery,grace.montgomery@example.com
Mr,Noah,Perrin,noah.perrin@example.com
Miss,Elizabeth,Turner,elizabeth.turner@example.com
Mr,Mariano,Marquez,mariano.marquez@example.com
Miss,Etiene,Pinto,etiene.pinto@example.com
Mr,Lucas,Taylor,lucas.taylor@example.com
Monsieur,Dirk,Girard,dirk.girard@example.com
Mr,Morgan,Durand,morgan.durand@example.com
Mr,Francisco,Schmidt,francisco.schmidt@example.com
Mr,Aquiles,Monteiro,aquiles.monteiro@example.com
Miss,Julia,Morin,julia.morin@example.com
Mr,Adrien,Brunet,adrien.brunet@example.com
Miss,Iselin,Bergan,iselin.bergan@example.com
Mrs,Jean,Carlson,jean.carlson@example.com
Miss,Paula,Arias,paula.arias@example.com
Mrs,Sofie,Nielsen,sofie.nielsen@example.com
Miss,Mari,Storheim,mari.storheim@example.com
Mr,Louis,Perkins,louis.perkins@example.com
Mrs,Emily,Patel,emily.patel@example.com
Miss,Buse,Abanuz,buse.abanuz@example.com
Mr,Xavier,Martin,xavier.martin@example.com
Mr,Julian,Fernandez,julian.fernandez@example.com
Ms,Margie,Flores,margie.flores@example.com
Mr,Bertram,Olsen,bertram.olsen@example.com
Mr,Claude,Dixon,claude.dixon@example.com
Ms,Jessica,Opgård,jessica.opgard@example.com
Mr,Isaiah,Kelley,isaiah.kelley@example.com
Mr,Janardo,da Cunha,janardo.dacunha@example.com
Mrs,Iiris,Laitinen,iiris.laitinen@example.com
Miss,Hilda,Araújo,hilda.araujo@example.com
Mr,Önal,Ozansoy,onal.ozansoy@example.com
Ms,Sandra,Serrano,sandra.serrano@example.com
Mr,Luciano,Kempf,luciano.kempf@example.com
Ms,Linda,Wilson,linda.wilson@example.com
Ms,آدرینا,صدر,adryn.sdr@example.com
Miss,Naciye,Trommelen,naciye.trommelen@example.com
Mrs,Joanne,Morris,joanne.morris@example.com
Mr,ماهان,كامياران,mhn.kmyrn@example.com
Mr,Nikolaj,Petersen,nikolaj.petersen@example.com
Ms,Jasmine,Taylor,jasmine.taylor@example.com
Mrs,Isla,Morris,isla.morris@example.com
Mr,مانی,رضاییان,mny.rdyyn@example.com
Miss,Heather,Gomez,heather.gomez@example.com
Mr,Jessie,James,jessie.james@example.com
Miss,Stella,Turner,stella.turner@example.com
Mr,علی رضا,یاسمی,aalyrd.ysmy@example.com
Miss,Alisa,Jokela,alisa.jokela@example.com
Mr,Lucas,Byrd,lucas.byrd@example.com
Mrs,Asta,Olsen,asta.olsen@example.com
Miss,Freja,Presthus,freja.presthus@example.com
Mrs,Tammy,Hicks,tammy.hicks@example.com
Mr,Milan,Bacher,milan.bacher@example.com
Mr,Luukas,Kyllonen,luukas.kyllonen@example.com
Mrs,Naja,Jensen,naja.jensen@example.com
Mr,Sedat,Hendricks,sedat.hendricks@example.com
Miss,Monica,Leon,monica.leon@example.com
Mrs,ثنا,احمدی,thn.hmdy@example.com
Miss,Zóica,Silveira,zoica.silveira@example.com
Mr,Lewis,Lambert,lewis.lambert@example.com
Miss,Leanne,Ennis,leanne.ennis@example.com
Mr,Tyler,Watkins,tyler.watkins@example.com
Mr,Bradley,Davidson,bradley.davidson@example.com
Mr,Ethan,Pelletier,ethan.pelletier@example.com
Miss,Molly,Martin,molly.martin@example.com
Mr,Esat,Türkyılmaz,esat.turkyilmaz@example.com
Ms,Manon,Mathieu,manon.mathieu@example.com
Mr,Charlie,Ressem,charlie.ressem@example.com
Mr,Eliott,Legrand,eliott.legrand@example.com
Miss,Ülkü,Özbey,ulku.ozbey@example.com
Mr,آرمین,جعفری,armyn.jaafry@example.com
Mrs,Annie,Silva,annie.silva@example.com
Mrs,Andrea,Hegg,andrea.hegg@example.com
Mr,Jacob,Sirko,jacob.sirko@example.com
Mr,Elliot,Brown,elliot.brown@example.com
Mr,Eivind,Rongved,eivind.rongved@example.com
Mrs,Victoria,Nielsen,victoria.nielsen@example.com
Mr,Louis,King,louis.king@example.com
Mr,عباس,علیزاده,aabs.aalyzdh@example.com
Ms,Fadime,Kiel,fadime.kiel@example.com
Mr,Ritthy,Alvarez,ritthy.alvarez@example.com
Mr,Gordon,Webb,gordon.webb@example.com
Miss,Jenny,Wood,jenny.wood@example.com
Mr,مهدي,جعفری,mhdy.jaafry@example.com
Mr,Brett,Holmes,brett.holmes@example.com
Mrs,فاطمه,گلشن,ftmh.glshn@example.com
Mrs,Muna,Netland,muna.netland@example.com
Mrs,Eleanor,Jimenez,eleanor.jimenez@example.com
Mr,Alfredo,Shelton,alfredo.shelton@example.com
Mademoiselle,Anina,Robert,anina.robert@example.com
Ms,Délia,Dias,delia.dias@example.com
Ms,Estelle,Deschamps,estelle.deschamps@example.com
Ms,Maddison,Howell,maddison.howell@example.com
Mr,Darrell,Bates,darrell.bates@example.com
Mrs,Amber,Nelson,amber.nelson@example.com
Mr,Jim,Fields,jim.fields@example.com
Mr,Rasmus,Takala,rasmus.takala@example.com
Mr,Ahmed,Sjøvold,ahmed.sjovold@example.com
Mrs,Jo,Marshall,jo.marshall@example.com
Mr,Konsta,Heino,konsta.heino@example.com
Miss,Coline,Martinez,coline.martinez@example.com
Mr,Hugo,Hernandez,hugo.hernandez@example.com
Monsieur,Ahmad,Berger,ahmad.berger@example.com
Mrs,Filippa,Kristensen,filippa.kristensen@example.com
Mrs,Francisca,da Cunha,francisca.dacunha@example.com
Ms,Adriana,Carrasco,adriana.carrasco@example.com
Miss,Ilona,Saari,ilona.saari@example.com
Mr,Sebastian,Daniels,sebastian.daniels@example.com
Miss,Deniz,Özdenak,deniz.ozdenak@example.com
Ms,Ella,Ford,ella.ford@example.com
Monsieur,Andrew,Roussel,andrew.roussel@example.com
Miss,Florence,Fortin,florence.fortin@example.com
Miss,Angeles,Leon,angeles.leon@example.com
Mr,Dwayne,Mckinney,dwayne.mckinney@example.com
Mr,Toby,Zhang,toby.zhang@example.com
Mr,Seleso,Jesus,seleso.jesus@example.com
Mr,Mads,Olsen,mads.olsen@example.com
Mrs,باران,کوتی,brn.khwty@example.com
Mr,Thibaut,Lopez,thibaut.lopez@example.com
Monsieur,Bruno,Lefevre,bruno.lefevre@example.com
Mr,Chad,Hall,chad.hall@example.com
Miss,Iina,Salonen,iina.salonen@example.com
Miss,Gerlind,Lindemann,gerlind.lindemann@example.com
Mr,کوروش,سالاری,khwrwsh.slry@example.com
Mrs,نازنین,حسینی,nznyn.hsyny@example.com
Ms,Nicete,Rodrigues,nicete.rodrigues@example.com
Ms,Thaïs,Nicolas,thais.nicolas@example.com
Ms,Aubrey,Harcourt,aubrey.harcourt@example.com
Miss,Fanny,Martin,fanny.martin@example.com
Mr,Carter,Jean-Baptiste,carter.jean-baptiste@example.com
Mr,Tracy,Barnes,tracy.barnes@example.com
Mrs,Zaza,Vriends,zaza.vriends@example.com
Ms,Özsu,Durmaz,ozsu.durmaz@example.com
Miss,Megan,Howard,megan.howard@example.com
Mr,Karl,Morales,karl.morales@example.com
Mademoiselle,Anabela,Renaud,anabela.renaud@example.com
Ms,Ronja,Elo,ronja.elo@example.com
Mr,Hans-Detlef,Moser,hans-detlef.moser@example.com
Mr,Melvin,King,melvin.king@example.com
Monsieur,Yves,Robert,yves.robert@example.com
Ms,Judy,Montgomery,judy.montgomery@example.com
Mr,Terrence,Walters,terrence.walters@example.com
Miss,Leslie,Cox,leslie.cox@example.com
Mr,Logan,Thomas,logan.thomas@example.com
Madame,Camille,Nicolas,camille.nicolas@example.com
Mr,Pierre,Brunet,pierre.brunet@example.com
Mr,Emil,Koskinen,emil.koskinen@example.com
Mrs,Deniz,Eronat,deniz.eronat@example.com
Mr,Ezra,King,ezra.king@example.com
Miss,Rudinele,da Rosa,rudinele.darosa@example.com
Mrs,Romaisae,Van den Adel,romaisae.vandenadel@example.com
Mr,Jayden,Ambrose,jayden.ambrose@example.com
Mr,Philip,Morgan,philip.morgan@example.com
Mrs,Addison,French,addison.french@example.com
Mr,Valtteri,Tervo,valtteri.tervo@example.com
Mr,Ingbert,Goldschmidt,ingbert.goldschmidt@example.com
Mr,Valdemar,Christiansen,valdemar.christiansen@example.com
Mr,Thor,Flatland,thor.flatland@example.com
Ms,Brielle,Bouchard,brielle.bouchard@example.com
Mr,Liam,Douglas,liam.douglas@example.com
Ms,Georgia,Schmidt,georgia.schmidt@example.com
Mr,Michael,Kuhn,michael.kuhn@example.com
Ms,Andresa,Rezende,andresa.rezende@example.com
Mr,Enrique,Day,enrique.day@example.com
Ms,Nicoline,Mortensen,nicoline.mortensen@example.com
Ms,Camille,Bouchard,camille.bouchard@example.com
Ms,Kendra,Holtslag,kendra.holtslag@example.com
Mr,Angel,Molina,angel.molina@example.com
Miss,Scarlett,Lowe,scarlett.lowe@example.com
Mr,Timm,Keil,timm.keil@example.com
Mademoiselle,Josephine,Lopez,josephine.lopez@example.com
Mrs,Kristin,Coleman,kristin.coleman@example.com
Ms,Beth,Green,beth.green@example.com
Miss,Naja,Møller,naja.moller@example.com
Mr,Luis,Soler,luis.soler@example.com
Mrs,Delphine,Young,delphine.young@example.com
Mr,Ethan,Thomas,ethan.thomas@example.com
Mrs,Mareile,Stephan,mareile.stephan@example.com
Mr,Mikkel,Christiansen,mikkel.christiansen@example.com
Miss,Scarlett,Thompson,scarlett.thompson@example.com
Mr,Ambrósio,Araújo,ambrosio.araujo@example.com
Mr,Ivan,King,ivan.king@example.com
Mr,Brent,Phillips,brent.phillips@example.com
Miss,Kayla,Bishop,kayla.bishop@example.com
Mrs,Naomi,Thompson,naomi.thompson@example.com
Ms,Kübra,Kunter,kubra.kunter@example.com
Madame,Elsa,Morin,elsa.morin@example.com
Mrs,Sharen,Ekkelboom,sharen.ekkelboom@example.com
Ms,Janske,Van Hintum,janske.vanhintum@example.com
Monsieur,Ernest,Fournier,ernest.fournier@example.com
Mrs,Asta,Jørgensen,asta.jorgensen@example.com
Mrs,Mare,Brink,mare.brink@example.com
Mr,Roland,Boyd,roland.boyd@example.com
Mr,Célian,Sanchez,celian.sanchez@example.com
Mr,Ernest,Romero,ernest.romero@example.com
Mr,Milo,Narvestad,milo.narvestad@example.com
Mr,Perry,Spencer,perry.spencer@example.com
Ms,Elsa,Wetzel,elsa.wetzel@example.com
Mr,Maël,Renaud,mael.renaud@example.com
Miss,Annett,Grosch,annett.grosch@example.com
Mr,Joona,Raisanen,joona.raisanen@example.com
Mr,Emil,Wainio,emil.wainio@example.com
Mrs,Susie,Hopkins,susie.hopkins@example.com
Mr,Luis,Roy,luis.roy@example.com
Miss,Ceyhan,Balcı,ceyhan.balci@example.com
Mrs,Clarissa,da Conceição,clarissa.daconceicao@example.com
Miss,Layla,Anderson,layla.anderson@example.com
Mr,Eckhard,Figge,eckhard.figge@example.com
Mrs,Rifka,Bolding,rifka.bolding@example.com
Mrs,Alexandra,Cooper,alexandra.cooper@example.com
Mr,Andreas,Poulsen,andreas.poulsen@example.com
Ms,Mina,Øyan,mina.oyan@example.com
Miss,Valdelaine,Ferreira,valdelaine.ferreira@example.com
Monsieur,Georgios,Marchand,georgios.marchand@example.com
Mr,Deniz,Günday,deniz.gunday@example.com
Mr,سام,علیزاده,sm.aalyzdh@example.com
Mr,Elias,Savela,elias.savela@example.com
Mr,Etienne,Denys,etienne.denys@example.com
